{
    "best_model": {
        "accuracy": 0.9865,
        "precision": 0.8059701492537313,
        "recall": 0.7941176470588235,
        "f1_score": 0.8,
        "roc_auc": 0.9649327122153211
    },
    "xgboost": {
        "accuracy": 0.976,
        "precision": 0.6041666666666666,
        "recall": 0.8529411764705882,
        "f1_score": 0.7073170731707317,
        "roc_auc": 0.9644912312751188
    }
}